timestamp,job_id,task_index,machine_id,cpu_usage,memory_usage
1728000000,1001,1,machine_01,0.18,0.22
1728000300,1001,2,machine_01,0.24,0.28
1728000600,1001,3,machine_01,0.31,0.35
1728000900,1001,4,machine_01,0.42,0.39
1728001200,1001,5,machine_01,0.51,0.47
1728001500,1001,6,machine_01,0.36,0.44
1728001800,1001,7,machine_01,0.28,0.31
1728002100,1001,8,machine_01,0.46,0.52
1728000015,1002,1,machine_02,0.62,0.55
1728000315,1002,2,machine_02,0.58,0.61
1728000615,1002,3,machine_02,0.49,0.57
1728000915,1002,4,machine_02,0.71,0.66
1728001215,1002,5,machine_02,0.77,0.73
1728001515,1002,6,machine_02,0.68,0.79
1728001815,1002,7,machine_02,0.54,0.63
1728002115,1002,8,machine_02,0.81,0.76
1728000030,1003,1,machine_03,0.08,0.14
1728000330,1003,2,machine_03,0.12,0.18
1728000630,1003,3,machine_03,0.19,0.21
1728000930,1003,4,machine_03,0.27,0.25
1728001230,1003,5,machine_03,0.34,0.32
1728001530,1003,6,machine_03,0.22,0.29
1728001830,1003,7,machine_03,0.15,0.19
1728002130,1003,8,machine_03,0.39,0.36
1728000045,1004,1,machine_04,0.43,0.49
1728000345,1004,2,machine_04,0.37,0.45
1728000645,1004,3,machine_04,0.55,0.51
1728000945,1004,4,machine_04,0.64,0.58
1728001245,1004,5,machine_04,0.72,0.69
1728001545,1004,6,machine_04,0.48,0.56
1728001845,1004,7,machine_04,0.59,0.62
1728002145,1004,8,machine_04,0.76,0.71
