task_id,start_time_seconds,end_time_seconds,previous_cpu_1,previous_cpu_2,previous_cpu_3,previous_memory_1,previous_memory_2,previous_memory_3,cpu_usage,memory_usage,time_gap_seconds,next_cpu,next_memory,predicted_cpu,predicted_memory
batch_01_04_4,1730002700.0,1730003300.0,0.12,0.1,0.08,0.16,0.15,0.12,0.11,0.14,900.0,0.14,0.18,0.14620000000000016,0.18509999999999988
batch_01_05_5,1730003600.0,1730004020.0,0.11,0.12,0.1,0.14,0.16,0.15,0.14,0.18,900.0,0.13,0.17,0.14290000000000022,0.18069999999999997
batch_01_06_6,1730004500.0,1730005100.0,0.14,0.11,0.12,0.18,0.14,0.16,0.13,0.17,900.0,0.16,0.2,0.1575000000000002,0.1954999999999999
batch_01_07_7,1730005400.0,1730005820.0,0.13,0.14,0.11,0.17,0.18,0.14,0.16,0.2,900.0,0.15,0.19,0.15150000000000022,0.18970000000000004
batch_02_04_4,1730002745.0,1730003345.0,0.48,0.42,0.35,0.4,0.36,0.3,0.55,0.44,900.0,0.5,0.42,0.5271999999999997,0.4305000000000004
batch_02_05_5,1730003645.0,1730004065.0,0.55,0.48,0.42,0.44,0.4,0.36,0.5,0.42,900.0,0.58,0.47,0.580599999999999,0.46169999999999967
batch_02_06_6,1730004545.0,1730005145.0,0.5,0.55,0.48,0.42,0.44,0.4,0.58,0.47,900.0,0.62,0.5,0.604499999999999,0.4825999999999999
batch_02_07_7,1730005445.0,1730005865.0,0.58,0.5,0.55,0.47,0.42,0.44,0.62,0.5,900.0,0.57,0.46,0.5871999999999994,0.4823999999999997
batch_03_04_4,1730002790.0,1730003390.0,0.88,0.82,0.75,0.81,0.76,0.7,0.91,0.84,900.0,0.86,0.79,0.8545999999999998,0.8137000000000003
batch_03_05_5,1730003690.0,1730004110.0,0.91,0.88,0.82,0.84,0.81,0.76,0.86,0.79,900.0,0.94,0.87,0.9002999999999992,0.8574000000000006
batch_03_06_6,1730004590.0,1730005190.0,0.86,0.91,0.88,0.79,0.84,0.81,0.94,0.87,900.0,0.9,0.83,0.8807000000000004,0.8321999999999996
batch_03_07_7,1730005490.0,1730005910.0,0.94,0.86,0.91,0.87,0.79,0.84,0.9,0.83,900.0,0.85,0.78,0.8868999999999991,0.8367000000000006
batch_04_04_4,1730002835.0,1730003435.0,0.28,0.24,0.2,0.58,0.6,0.55,0.32,0.64,900.0,0.36,0.68,0.3516999999999997,0.6734000000000002
batch_04_05_5,1730003735.0,1730004155.0,0.32,0.28,0.24,0.64,0.58,0.6,0.36,0.68,900.0,0.3,0.62,0.3315000000000001,0.6502999999999994
batch_04_06_6,1730004635.0,1730005235.0,0.36,0.32,0.28,0.68,0.64,0.58,0.3,0.62,900.0,0.4,0.7,0.38089999999999946,0.6790000000000007
batch_04_07_7,1730005535.0,1730005955.0,0.3,0.36,0.32,0.62,0.68,0.64,0.4,0.7,900.0,0.38,0.66,0.3740999999999998,0.6594999999999998
batch_05_04_4,1730002880.0,1730003480.0,0.58,0.65,0.6,0.25,0.22,0.18,0.7,0.28,900.0,0.74,0.3,0.7292000000000001,0.29450000000000026
batch_05_05_5,1730003780.0,1730004200.0,0.7,0.58,0.65,0.28,0.25,0.22,0.74,0.3,900.0,0.68,0.27,0.6798000000000001,0.28569999999999984
batch_05_06_6,1730004680.0,1730005280.0,0.74,0.7,0.58,0.3,0.28,0.25,0.68,0.27,900.0,0.77,0.33,0.7516000000000003,0.3142999999999996
batch_05_07_7,1730005580.0,1730006000.0,0.68,0.74,0.7,0.27,0.3,0.28,0.77,0.33,900.0,0.72,0.29,0.7396999999999998,0.30889999999999984
batch_06_04_4,1730002925.0,1730003525.0,0.55,0.5,0.45,0.82,0.78,0.75,0.52,0.8,900.0,0.58,0.86,0.5830999999999991,0.8550000000000001
batch_06_05_5,1730003825.0,1730004245.0,0.52,0.55,0.5,0.8,0.82,0.78,0.58,0.86,900.0,0.62,0.88,0.615199999999999,0.8656000000000003
batch_06_06_6,1730004725.0,1730005325.0,0.58,0.52,0.55,0.86,0.8,0.82,0.62,0.88,900.0,0.57,0.84,0.5875,0.8479000000000017
batch_06_07_7,1730005625.0,1730006045.0,0.62,0.58,0.52,0.88,0.86,0.8,0.57,0.84,900.0,0.65,0.9,0.6219999999999994,0.8528000000000009
