task_id,priority,predicted_cpu,predicted_memory,allocated_cpu,allocated_memory,unmet_cpu,unmet_memory,allocation_status,cluster_cpu_utilization,cluster_memory_utilization
6217659576_10,4,0.007466589,0.002637462,0.007466589,0.002637462,0.0,0.0,FULL,0.007466589,0.002637462
6217657595_29,4,0.009311527,0.0038175088,0.009311527,0.0038175088,0.0,0.0,FULL,0.016778116,0.0064549708
6221861800_18650,4,0.0126636952999999,0.012842772,0.0126636952999999,0.012842772,0.0,0.0,FULL,0.029441811299999898,0.0192977428
6238340468_1804,4,0.0203316150877192,0.009046769,0.0203316150877192,0.009046769,0.0,0.0,FULL,0.0497734263877191,0.0283445118
6251414911_529,4,0.0462125999999999,0.00887413,0.0462125999999999,0.00887413,0.0,0.0,FULL,0.095986026387719,0.0372186418
6238340468_171,4,0.0173853058294775,0.0116126499999999,0.0173853058294775,0.0116126499999999,0.0,0.0,FULL,0.1133713322171965,0.0488312917999999
793288025_0,4,0.023428045,0.00813492,0.023428045,0.00813492,0.0,0.0,FULL,0.1367993772171965,0.0569662117999999
6218406404_614,4,0.014205628,0.0013678255999999,0.014205628,0.0013678255999999,0.0,0.0,FULL,0.1510050052171965,0.0583340373999998
1863690462_1,4,0.0106188489999999,0.000394344,0.0106188489999999,0.000394344,0.0,0.0,FULL,0.1616238542171964,0.0587283813999998
4665712499_1294,4,0.0410902999999999,0.0644765,0.0410902999999999,0.0644765,0.0,0.0,FULL,0.2027141542171963,0.1232048813999998
6221861800_481,4,0.0073183469,0.002094019,0.0073183469,0.002094019,0.0,0.0,FULL,0.2100325011171963,0.1252989003999998
6251463417_5,4,0.0033466035,0.0010318782,0.0033466035,0.0010318782,0.0,0.0,FULL,0.21337910461719628,0.1263307785999998
6217659576_10,3,0.0077409999999999,0.0005038248,0.0077409999999999,0.0005038248,0.0,0.0,FULL,0.22112010461719617,0.1268346033999998
6218406404_11,3,0.01153756,0.0011297628,0.01153756,0.0011297628,0.0,0.0,FULL,0.23265766461719617,0.1279643661999998
6238340468_1565,3,0.0312683999999999,0.0068761899999999,0.0312683999999999,0.0068761899999999,0.0,0.0,FULL,0.2639260646171961,0.13484055619999968
6218406404_614,3,0.0150560166666666,0.0011625904,0.0150560166666666,0.0011625904,0.0,0.0,FULL,0.2789820812838627,0.13600314659999968
6238340468_38,3,0.0195245905639097,0.00962791,0.0195245905639097,0.00962791,0.0,0.0,FULL,0.2985066718477724,0.14563105659999967
6238340468_348,3,0.0185705147619047,0.0134265999999999,0.0185705147619047,0.0134265999999999,0.0,0.0,FULL,0.3170771866096771,0.15905765659999957
4665896876_519,3,0.0349659399999999,0.0657325,0.0349659399999999,0.0657325,0.0,0.0,FULL,0.352043126609677,0.22479015659999957
6218406404_11,3,0.0220136649999999,0.0013109359999999,0.0220136649999999,0.0013109359999999,0.0,0.0,FULL,0.3740567916096769,0.22610109259999947
6238340468_245,3,0.0157630350083542,0.0133373,0.0157630350083542,0.0133373,0.0,0.0,FULL,0.3898198266180311,0.23943839259999947
6238340468_375,3,0.0388200999999999,0.0075185399999999,0.0388200999999999,0.0075185399999999,0.0,0.0,FULL,0.428639926618031,0.24695693259999937
5285926325_0,3,0.0019641939999999,0.0003774479999999,0.0019641939999999,0.0003774479999999,0.0,0.0,FULL,0.43060412061803094,0.24733438059999927
6221861800_481,3,0.0077615728999999,0.0039085809999999,0.0077615728999999,0.0039085809999999,0.0,0.0,FULL,0.43836569351803084,0.25124296159999915
6251463417_7,3,0.0114314649999999,0.0018860274,0.0114314649999999,0.0018860274,0.0,0.0,FULL,0.44979715851803076,0.25312898899999914
5285926325_0,3,0.0024752350999999,0.0002917147999999,0.0024752350999999,0.0002917147999999,0.0,0.0,FULL,0.4522723936180307,0.25342070379999904
6221861800_481,3,0.0027398101999999,0.0004692455999999,0.0027398101999999,0.0004692455999999,0.0,0.0,FULL,0.4550122038180306,0.2538899493999989
6221861800_4595,3,0.007582642,0.0040009768,0.007582642,0.0040009768,0.0,0.0,FULL,0.46259484581803056,0.2578909261999989
6251414911_529,2,0.0465345999999999,0.0085386106666666,0.0465345999999999,0.0085386106666666,0.0,0.0,FULL,0.5091294458180304,0.26642953686666554
6238340468_91,2,0.0179021726151918,0.0133759999999999,0.0179021726151918,0.0133759999999999,0.0,0.0,FULL,0.5270316184332222,0.2798055368666654
6217657595_29,2,0.0044516898999999,0.0006364248,0.0044516898999999,0.0006364248,0.0,0.0,FULL,0.5314833083332221,0.2804419616666654
5285926325_0,2,0.0151428259999999,0.0056874799999999,0.0151428259999999,0.0056874799999999,0.0,0.0,FULL,0.546626134333222,0.2861294416666653
6218406404_614,2,0.0044851375,0.0011664321999999,0.0044851375,0.0011664321999999,0.0,0.0,FULL,0.5511112718332221,0.2872958738666652
4665712499_1303,2,0.0482727999999999,0.0649716999999999,0.0482727999999999,0.0649716999999999,0.0,0.0,FULL,0.599384071833222,0.35226757386666513
6238340468_235,2,0.0176660939247156,0.0106906249999999,0.0176660939247156,0.0106906249999999,0.0,0.0,FULL,0.6170501657579376,0.362958198866665
6250345153_193,2,0.0448113999999999,0.0069384574761904,0.0448113999999999,0.0069384574761904,0.0,0.0,FULL,0.6618615657579375,0.3698966563428554
6238340468_38,2,0.01543392,0.00944491,0.01543392,0.00944491,0.0,0.0,FULL,0.6772954857579375,0.37934156634285543
6238340468_12,2,0.0166663902067669,0.0134080999999999,0.0166663902067669,0.0134080999999999,0.0,0.0,FULL,0.6939618759647044,0.39274966634285535
5715747784_9,2,0.0025260107999999,0.002239372,0.0025260107999999,0.002239372,0.0,0.0,FULL,0.6964878867647043,0.39498903834285537
6218406404_11,2,0.013297782,0.0009313142,0.013297782,0.0009313142,0.0,0.0,FULL,0.7097856687647043,0.39592035254285535
6221861800_18595,2,0.023836601,0.0028504109999999,0.023836601,0.0028504109999999,0.0,0.0,FULL,0.7336222697647042,0.39877076354285523
4665896876_415,1,0.0301776999999999,0.0658806999999999,0.0301776999999999,0.0658806999999999,0.0,0.0,FULL,0.7637999697647041,0.46465146354285514
793288025_0,1,0.0254030666666666,0.0079879799999999,0.0254030666666666,0.0079879799999999,0.0,0.0,FULL,0.7892030364313707,0.47263944354285503
6251414911_1933,1,0.0464278999999999,0.0086621006666666,0.0464278999999999,0.0086621006666666,0.0,0.0,FULL,0.8356309364313705,0.48130154420952165
6221861800_18650,1,0.00675037,0.0049117149999999,0.00675037,0.0049117149999999,0.0,0.0,FULL,0.8423813064313705,0.4862132592095215
5285926325_0,1,0.0006365966,0.0002360189999999,0.0006365966,0.0002360189999999,0.0,0.0,FULL,0.8430179030313706,0.48644927820952144
5285926325_0,1,0.0,0.0,0.0,0.0,0.0,0.0,FULL,0.8430179030313706,0.48644927820952144
6221861800_4595,1,0.0127639733,0.0127199579999999,0.0127639733,0.0127199579999999,0.0,0.0,FULL,0.8557818763313706,0.49916923620952136
5715747784_9,1,0.034595395,0.0065482819999999,0.034595395,0.0065482819999999,0.0,0.0,FULL,0.8903772713313706,0.5057175182095213
4969889774_22,1,0.0286834349999999,0.0235362999999999,0.0286834349999999,0.0235362999999999,0.0,0.0,FULL,0.9190607063313705,0.5292538182095212
4665897969_187,1,0.0921617999999999,0.0644737,0.08093929366862959,0.0644737,0.011222506331370313,0.0,PARTIAL,1.0,0.5937275182095212
