task_id,machine_id,start_time_seconds,previous_cpu_1,previous_cpu_2,previous_cpu_3,previous_memory_1,previous_memory_2,previous_memory_3,cpu_usage,memory_usage,time_gap_seconds,next_cpu,next_memory
1863690462_1,216841516,782.0,0.0007105,0.001846,0.002228,0.0,0.0005169,0.000514,0.0,0.0,5.0,0.0,0.0
1863690462_1,351604751,796.0,0.0,0.0007105,0.001846,0.0,0.0,0.0005169,0.0,0.0,14.0,0.002998,0.0007343
1863690462_1,351604751,883.0,0.0,0.0,0.0007105,0.0,0.0,0.0,0.002998,0.0007343,87.0,0.00227,0.0006237
4121195473_0,603126,774.0,0.0,1.335e-05,7.629e-06,0.0,0.0,0.0001583,4.673e-05,0.0002337,11.0,1.049e-05,0.0001688
4665712499_1294,4820002127,893.0,0.04242,0.03943,0.03796,0.06665,0.06665,0.06653,0.03601,0.06677,119.0,0.08142,0.06665
4665712499_1303,1339082,855.0,0.05054,0.03058,0.03705,0.06726,0.06702,0.06714,0.03772,0.06714,37.0,0.03125,0.06714
4665896876_105,4088965171,812.0,0.03302,0.02368,0.02472,0.06689,0.06689,0.06689,0.0177,0.06689,74.0,0.04974,0.06689
4665896876_131,336032827,782.0,0.02734,0.03271,0.03265,0.06787,0.06799,0.06787,0.02664,0.06775,139.0,0.02963,0.06799
4665896876_174,798454510,705.0,0.04755,0.01993,0.02731,0.06689,0.06689,0.06689,0.02179,0.06689,17.0,0.02658,0.06689
4665896876_174,798454510,727.0,0.02179,0.04755,0.01993,0.06689,0.06689,0.06689,0.02658,0.06689,22.0,0.02536,0.06702
4665896876_415,6658177,812.0,0.04816,0.02252,0.02814,0.06567,0.0658,0.06592,0.04108,0.0658,33.0,0.01587,0.06567
4665896876_415,6658177,837.0,0.04108,0.04816,0.02252,0.0658,0.06567,0.0658,0.01587,0.06567,25.0,0.01523,0.06555
4665896876_519,1274572,809.0,0.01485,0.01253,0.02014,0.06641,0.06641,0.06641,0.02258,0.06641,24.0,0.03699,0.06665
4665896876_519,1274572,857.0,0.02258,0.01485,0.01253,0.06641,0.06641,0.06641,0.03699,0.06665,48.0,0.02805,0.06665
4665896876_53,3668262859,810.0,0.02948,0.0264,0.01816,0.06665,0.06665,0.06653,0.01587,0.06653,128.0,0.02557,0.06653
4665897969_187,336068391,898.0,0.176,0.2097,0.2651,0.06677,0.06653,0.06628,0.25,0.06702,203.0,0.144,0.06689
4665897969_75,612784598,725.0,0.1243,0.1521,0.2305,0.06726,0.06726,0.06726,0.1726,0.06738,22.0,0.1448,0.06738
4665903885_398,329253778,819.0,0.04883,0.04236,0.02048,0.03073,0.03043,0.02951,0.02722,0.03143,27.0,0.01436,0.03094
4731858889_1,7778111,813.0,0.0343,0.03339,0.03229,0.04498,0.04492,0.04492,0.03717,0.04498,58.0,0.03137,0.04498
4731858889_2,2990442352,829.0,0.03528,0.03061,0.03546,0.04553,0.04553,0.04559,0.03577,0.04553,34.0,0.03809,0.04553
4872450645_0,4820095595,751.0,0.0,0.0002527,0.0001192,0.0,0.0,0.0004292,0.005737,0.002155,28.0,0.0001059,0.0004559
4969889774_22,38691506,896.0,0.02957,0.03101,0.02963,0.0224,0.02237,0.02237,0.03333,0.0224,25.0,0.03253,0.02237
4969889774_28,272173894,689.0,0.03369,0.03406,0.03687,0.02393,0.02393,0.02393,0.04114,0.02393,64.0,0.03564,0.02393
4969889774_28,272173894,782.0,0.04114,0.03369,0.03406,0.02393,0.02393,0.02393,0.03564,0.02393,93.0,0.03394,0.02393
4969889774_28,272173894,799.0,0.03564,0.04114,0.03369,0.02393,0.02393,0.02393,0.03394,0.02393,17.0,0.03619,0.02393
4969889774_28,272173894,832.0,0.03394,0.03564,0.04114,0.02393,0.02393,0.02393,0.03619,0.02393,33.0,0.04376,0.02393
4969889774_34,8055696,723.0,0.03235,0.0376,0.0368,0.02307,0.02307,0.02307,0.03043,0.02304,91.0,0.04028,0.02304
4969889774_69,4820003318,820.0,0.03351,0.03864,0.03687,0.02313,0.02313,0.02313,0.03723,0.02316,27.0,0.0412,0.02313
5008466431_13,336041015,813.0,0.04041,0.03766,0.05017,0.006058,0.006081,0.006065,0.05054,0.006058,142.0,0.0625,0.006058
5285926325_0,32064642,614.0,0.0009527,0.0,0.0,0.0001011,0.0,0.0,0.0005379,0.0,9.0,0.0,0.0
5285926325_0,32064642,627.0,0.0005379,0.0009527,0.0,0.0,0.0001011,0.0,0.0,0.0,13.0,0.001944,0.000247
5285926325_0,294847189,634.0,0.0,0.0005379,0.0009527,0.0,0.0,0.0001011,0.001944,0.000247,7.0,0.0002775,0.0
5285926325_0,294847189,639.0,0.001944,0.0,0.0005379,0.000247,0.0,0.0,0.0002775,0.0,5.0,0.0,0.0
5285926325_0,294847189,651.0,0.0002775,0.001944,0.0,0.0,0.000247,0.0,0.0,0.0,12.0,0.002213,0.0001574
5285926325_0,902896,658.0,0.0,0.0002775,0.001944,0.0,0.0,0.000247,0.002213,0.0001574,7.0,0.0004139,6.104e-05
5285926325_0,902896,662.0,0.002213,0.0,0.0002775,0.0001574,0.0,0.0,0.0004139,6.104e-05,4.0,0.0,0.0
5285926325_0,902896,672.0,0.0004139,0.002213,0.0,6.104e-05,0.0001574,0.0,0.0,0.0,10.0,0.002434,0.0002356
5285926325_0,16909037,681.0,0.0,0.0004139,0.002213,0.0,6.104e-05,0.0001574,0.002434,0.0002356,9.0,0.0001259,4.864e-05
5285926325_0,16909037,686.0,0.002434,0.0,0.0004139,0.0002356,0.0,6.104e-05,0.0001259,4.864e-05,5.0,0.0,0.0
5285926325_0,16909037,698.0,0.0001259,0.002434,0.0,4.864e-05,0.0002356,0.0,0.0,0.0,12.0,0.001707,0.0001688
5285926325_0,1094189,710.0,0.0,0.0001259,0.002434,0.0,4.864e-05,0.0002356,0.001707,0.0001688,12.0,0.0007019,0.0
5285926325_0,1094189,714.0,0.001707,0.0,0.0001259,0.0001688,0.0,4.864e-05,0.0007019,0.0,4.0,0.0,0.0
5285926325_0,1094189,724.0,0.0007019,0.001707,0.0,0.0,0.0001688,0.0,0.0,0.0,10.0,0.001598,0.0002651
5285926325_0,4478827491,734.0,0.0,0.0007019,0.001707,0.0,0.0,0.0001688,0.001598,0.0002651,10.0,0.0003166,3.624e-05
5285926325_0,4478827491,739.0,0.001598,0.0,0.0007019,0.0002651,0.0,0.0,0.0003166,3.624e-05,5.0,0.0,0.0
5285926325_0,4478827491,758.0,0.0003166,0.001598,0.0,3.624e-05,0.0002651,0.0,0.0,0.0,19.0,0.00189,0.0001574
5285926325_0,682371,774.0,0.0,0.0003166,0.001598,0.0,3.624e-05,0.0002651,0.00189,0.0001574,16.0,0.0007925,4.292e-05
5285926325_0,682371,779.0,0.00189,0.0,0.0003166,0.0001574,0.0,3.624e-05,0.0007925,4.292e-05,5.0,0.0,0.0
5285926325_0,682371,792.0,0.0007925,0.00189,0.0,4.292e-05,0.0001574,0.0,0.0,0.0,13.0,0.001297,0.0002089
5285926325_0,257330792,802.0,0.0,0.0007925,0.00189,0.0,4.292e-05,0.0001574,0.001297,0.0002089,10.0,0.0004988,0.0
5285926325_0,257330792,807.0,0.001297,0.0,0.0007925,0.0002089,0.0,4.292e-05,0.0004988,0.0,5.0,0.0,0.0
5285926325_0,257330792,820.0,0.0004988,0.001297,0.0,0.0,0.0002089,0.0,0.0,0.0,13.0,0.00172,0.0003014
5285926325_0,549392801,830.0,0.0,0.0004988,0.001297,0.0,0.0,0.0002089,0.00172,0.0003014,10.0,0.0003176,0.0
5285926325_0,549392801,835.0,0.00172,0.0,0.0004988,0.0003014,0.0,0.0,0.0003176,0.0,5.0,0.0,0.0
5285926325_0,549392801,852.0,0.0003176,0.00172,0.0,0.0,0.0003014,0.0,0.0,0.0,17.0,0.001637,0.0002174
5285926325_0,204232816,863.0,0.0,0.0003176,0.00172,0.0,0.0,0.0003014,0.001637,0.0002174,11.0,0.0006018,4.768e-05
5285926325_0,204232816,868.0,0.001637,0.0,0.0003176,0.0002174,0.0,0.0,0.0006018,4.768e-05,5.0,0.0,0.0
5285926325_0,204232816,880.0,0.0006018,0.001637,0.0,4.768e-05,0.0002174,0.0,0.0,0.0,12.0,0.0,0.0
5285926325_0,766876,891.0,0.0,0.0006018,0.001637,0.0,4.768e-05,0.0002174,0.0,0.0,11.0,0.0,0.0
5715747784_9,2157964271,886.0,0.0006056,0.0,0.0002546,0.0,0.0007067,0.0006857,0.0,0.0,15.0,0.0,0.0
5715747784_9,38295436,890.0,0.0,0.0006056,0.0,0.0,0.0,0.0007067,0.0,0.0,4.0,0.0,0.0
5822896270_39,4303907427,794.0,0.01367,0.0001974,0.02173,0.01527,0.01532,0.01529,0.0001984,0.01534,100.0,0.01242,0.01541
5822896270_49,3682358150,755.0,0.009567,0.01736,0.04462,0.01494,0.01492,0.01483,0.01984,0.01509,115.0,0.007164,0.01508
5822896270_49,3682358150,780.0,0.01984,0.009567,0.01736,0.01509,0.01494,0.01492,0.007164,0.01508,25.0,0.007774,0.01511
5822896270_81,32084542,653.0,0.04919,0.04578,0.000185,0.01529,0.01524,0.0153,0.005028,0.0153,16.0,0.01102,0.01523
5921809619_411,2055671156,835.0,0.0,6.676e-05,0.0001688,0.0,0.0,0.000638,0.04669,0.00349,12.0,0.01712,0.002399
6130716573_0,424229668,712.0,0.0,0.0008049,0.0001659,0.0,0.0,0.0002193,0.0001755,0.0004797,12.0,9.251e-05,0.0002871
6184995193_229,227394150,797.0,0.0,0.0,0.0009766,0.0,0.0,0.0,0.03583,0.004303,148.0,0.03186,0.004929
6217657595_29,1270925,839.0,0.002258,0.01801,0.03845,0.0,0.008331,0.008331,0.0,0.0,10.0,0.04852,0.00444
6217657595_29,30789450,848.0,0.0,0.002258,0.01801,0.0,0.0,0.008331,0.04852,0.00444,9.0,0.03363,0.005928
6217659576_10,1270925,839.0,0.001871,0.02649,0.02014,0.0,0.00444,0.004417,0.0,0.0,10.0,0.03979,0.002522
6217659576_10,1270925,848.0,0.0,0.001871,0.02649,0.0,0.0,0.00444,0.03979,0.002522,9.0,0.02139,0.003685
6218406404_11,1270925,839.0,0.009399,0.05042,0.02307,0.0,0.001465,0.001328,0.0,0.0,10.0,0.0,0.0
6218406404_11,438720042,858.0,0.0,0.009399,0.05042,0.0,0.0,0.001465,0.0,0.0,19.0,0.01443,0.0008554
6218406404_11,438720042,890.0,0.0,0.0,0.009399,0.0,0.0,0.0,0.01443,0.0008554,32.0,0.0118,0.001017
6218406404_240,227394150,649.0,0.0009565,0.01311,0.02005,0.0,0.0009699,0.0009842,0.0,0.0,16.0,0.02335,0.001127
6218406404_240,1436357100,677.0,0.0,0.0009565,0.01311,0.0,0.0,0.0009699,0.02335,0.001127,28.0,0.005501,0.001581
6218406404_414,227394150,649.0,0.0002213,0.007904,0.005333,9.06e-05,0.001488,0.001087,0.0,0.0,16.0,0.02121,0.001694
6218406404_414,705822,688.0,0.0,0.0002213,0.007904,0.0,9.06e-05,0.001488,0.02121,0.001694,39.0,0.002941,0.001724
6218406404_414,705822,763.0,0.02121,0.0,0.0002213,0.001694,0.0,9.06e-05,0.002941,0.001724,75.0,0.0005035,0.0
6218406404_414,705822,765.0,0.002941,0.02121,0.0,0.001724,0.001694,0.0,0.0005035,0.0,2.0,0.0,0.0
6218406404_414,705822,781.0,0.0005035,0.002941,0.02121,0.0,0.001724,0.001694,0.0,0.0,16.0,0.0,0.0
6218406404_414,283968648,808.0,0.0,0.0005035,0.002941,0.0,0.0,0.001724,0.0,0.0,27.0,0.02402,0.00209
6218406404_414,283968648,810.0,0.0,0.0,0.0005035,0.0,0.0,0.0,0.02402,0.00209,2.0,0.01761,0.00148
6218406404_424,227394150,649.0,0.0001831,0.0009365,0.008896,0.0,0.001345,0.001465,0.0,0.0,16.0,0.02777,0.001738
6218406404_424,682861,686.0,0.0,0.0001831,0.0009365,0.0,0.0,0.001345,0.02777,0.001738,37.0,0.01208,0.001381
6218406404_432,227394150,649.0,0.0002012,0.0181,0.09851,0.0,0.001518,0.00139,0.0,0.0,16.0,0.0,0.0
6218406404_432,4239638414,689.0,0.0,0.0002012,0.0181,0.0,0.0,0.001518,0.0,0.0,40.0,0.05438,0.001312
6218406404_432,4239638414,712.0,0.0,0.0,0.0002012,0.0,0.0,0.0,0.05438,0.001312,23.0,0.02393,0.001724
6218406404_614,6567448,831.0,0.02631,0.01216,0.0,0.001354,0.001352,0.0,0.003605,0.0,2.0,0.0,0.0
6218406404_614,6567448,845.0,0.003605,0.02631,0.01216,0.0,0.001354,0.001352,0.0,0.0,14.0,0.0,0.0
6218406404_614,994500582,854.0,0.0,0.003605,0.02631,0.0,0.0,0.001354,0.0,0.0,9.0,0.02399,0.001087
6218406404_614,994500582,883.0,0.0,0.0,0.003605,0.0,0.0,0.0,0.02399,0.001087,29.0,0.01077,0.001545
6218406404_69,227394150,649.0,0.000226,0.01801,0.01265,8.297e-05,0.001347,0.001093,0.0,0.0,16.0,0.0,0.0
6218406404_69,854092856,668.0,0.0,0.000226,0.01801,0.0,8.297e-05,0.001347,0.0,0.0,19.0,0.04175,0.001816
6218406404_69,854092856,693.0,0.0,0.0,0.000226,0.0,0.0,8.297e-05,0.04175,0.001816,25.0,0.01804,0.001341
6219557576_7,3668262859,653.0,0.001019,0.0003729,0.0001841,0.0,0.003548,0.003536,0.0,0.0,14.0,0.001049,0.00367
6219557576_7,336048069,655.0,0.0,0.001019,0.0003729,0.0,0.0,0.003548,0.001049,0.00367,2.0,0.0003796,0.003647
6221861800_11726,317495599,705.0,0.0003462,0.0002079,0.0002003,0.0,0.0006189,0.0005989,0.0,0.0,14.0,0.02658,0.01379
6221861800_11726,16918655,710.0,0.0,0.0003462,0.0002079,0.0,0.0,0.0006189,0.02658,0.01379,5.0,0.002048,0.002209
6221861800_13334,6568109,773.0,0.0,4.292e-05,0.0001488,0.0,9.537e-07,0.0005713,0.03918,0.01523,5.0,0.001575,0.002556
6221861800_14201,7778111,796.0,0.0,3.147e-05,0.0001535,0.0,0.0,0.0005112,0.04321,0.01535,12.0,0.001942,0.007439
6221861800_16019,376216875,721.0,2.861e-06,0.00515,0.0001431,2.575e-05,0.000329,0.0006504,0.0,0.0,12.0,0.02579,0.01509
6221861800_16019,2248361096,732.0,0.0,2.861e-06,0.00515,0.0,2.575e-05,0.000329,0.02579,0.01509,11.0,0.001785,0.002388
6221861800_17477,257410052,799.0,0.0008469,0.0001097,0.0001898,0.0,0.0005484,0.0006332,0.0,0.0,15.0,0.04443,0.01439
6221861800_17477,1271215,810.0,0.0,0.0008469,0.0001097,0.0,0.0,0.0005484,0.04443,0.01439,11.0,0.004616,0.006996
6221861800_18595,3820867554,898.0,0.0,0.001276,0.000185,0.0,0.0,0.0006819,0.0,0.0,25.0,0.0,0.0
6221861800_18650,1301723,848.0,0.0005121,0.003101,0.0001993,0.0,0.0005617,0.0005636,0.0,0.0,13.0,0.06201,0.01363
6221861800_18650,1270279,850.0,0.0,0.0005121,0.003101,0.0,0.0,0.0005617,0.06201,0.01363,2.0,0.004288,0.006935
6221861800_18721,257334448,821.0,0.0008135,0.0001087,0.0002165,4.387e-05,0.0006371,0.0005903,0.0,0.0,16.0,0.06409,0.01392
6221861800_18721,284787048,829.0,0.0,0.0008135,0.0001087,0.0,4.387e-05,0.0006371,0.06409,0.01392,8.0,0.003262,0.006653
6221861800_2413,2854214373,760.0,0.0,6.485e-05,0.0001631,0.0,0.0,0.0006227,0.03394,0.01546,13.0,0.002178,0.00349
6221861800_4595,32056126,885.0,0.0004702,0.001883,0.0001955,0.0,0.0006905,0.000597,0.0,0.0,13.0,0.06702,0.003922
6221861800_4595,1335498,892.0,0.0,0.0004702,0.001883,0.0,0.0,0.0006905,0.06702,0.003922,7.0,0.01541,0.01259
6221861800_481,3820867554,882.0,0.0,0.000967,0.0001822,0.0,0.0,0.0005999,0.0,0.0,13.0,0.0,0.0
6221861800_481,3820867554,891.0,0.0,0.0,0.000967,0.0,0.0,0.0,0.0,0.0,9.0,0.04034,0.001524
6221861800_481,1302390,895.0,0.0,0.0,0.0,0.0,0.0,0.0,0.04034,0.001524,4.0,0.01572,0.01077
6221861800_4861,257348783,784.0,0.0,0.0007439,0.0001516,0.0,0.0004597,0.0005007,0.0,0.0,25.0,0.0412,0.01517
6221861800_4861,1306107,792.0,0.0,0.0,0.0007439,0.0,0.0,0.0004597,0.0412,0.01517,8.0,0.001854,0.004684
6221861800_5623,216841516,782.0,0.0007086,0.0001802,0.000206,0.0,0.0005207,0.0005198,0.0,0.0,17.0,0.03674,0.0152
6221861800_5623,5771519,791.0,0.0,0.0007086,0.0001802,0.0,0.0,0.0005207,0.03674,0.0152,9.0,0.003513,0.006134
6221861800_7390,4802952927,695.0,0.0004845,0.001804,0.0001898,0.0,0.0006266,0.0005741,0.0,0.0,15.0,0.02359,0.01302
6221861800_7390,38743132,702.0,0.0,0.0004845,0.001804,0.0,0.0,0.0006266,0.02359,0.01302,7.0,0.001635,0.001995
6221861800_7780,257334448,821.0,0.0006704,0.0001326,0.0002117,0.0,0.000494,0.0005417,0.0,0.0,16.0,0.04327,0.01338
6221861800_7780,1697455,834.0,0.0,0.0006704,0.0001326,0.0,0.0,0.000494,0.04327,0.01338,13.0,0.006203,0.008347
6221861800_7813,1272794,762.0,0.0,4.768e-05,0.0001602,0.0,0.0,0.0005341,0.03583,0.01532,15.0,0.001865,0.002605
6221861800_8074,5781854,683.0,0.0,5.245e-05,0.0002041,0.0,0.0,0.0006065,0.02222,0.01045,11.0,0.001823,0.001173
6221861800_8965,257351446,784.0,0.000268,0.003456,0.0001993,0.0,0.0006943,0.0005913,0.0,0.0,15.0,0.03949,0.01532
6221861800_8965,1270372,787.0,0.0,0.000268,0.003456,0.0,0.0,0.0006943,0.03949,0.01532,3.0,0.001625,0.004349
6221861800_8999,5401869673,616.0,0.0009785,7.82e-05,0.0002251,0.0,0.0005054,0.0005217,0.0,0.0,13.0,0.01782,0.01236
6221861800_8999,1094276,632.0,0.0,0.0009785,7.82e-05,0.0,0.0,0.0005054,0.01782,0.01236,16.0,0.002171,0.001305
6221861800_9009,5401869673,616.0,0.0009766,9.346e-05,0.0001736,0.0,0.0006161,0.0005999,0.0,0.0,13.0,0.01675,0.01064
6221861800_9009,3523096333,628.0,0.0,0.0009766,9.346e-05,0.0,0.0,0.0006161,0.01675,0.01064,12.0,0.002769,0.001451
6221861800_961,336030283,809.0,0.0,6.771e-05,0.000206,0.0,0.0,0.0005093,0.04901,0.0152,15.0,0.00172,0.005013
6238340468_118,1274293,834.0,0.02423,0.01651,0.02158,0.01091,0.01086,0.01123,0.01846,0.01122,67.0,0.01581,0.01257
6238340468_1189,1479089188,676.0,0.03302,0.0423,0.02832,0.00634,0.006248,0.006203,0.02866,0.007072,29.0,0.04718,0.007095
6238340468_1189,1479089188,693.0,0.02866,0.03302,0.0423,0.007072,0.00634,0.006248,0.04718,0.007095,17.0,0.02917,0.007042
6238340468_1189,1479089188,708.0,0.04718,0.02866,0.03302,0.007095,0.007072,0.00634,0.02917,0.007042,15.0,0.03217,0.006775
6238340468_1189,1479089188,729.0,0.02917,0.04718,0.02866,0.007042,0.007095,0.007072,0.03217,0.006775,21.0,0.02609,0.006844
6238340468_1189,1479089188,783.0,0.03217,0.02917,0.04718,0.006775,0.007042,0.007095,0.02609,0.006844,54.0,0.0228,0.007042
6238340468_1189,1479089188,809.0,0.02609,0.03217,0.02917,0.006844,0.006775,0.007042,0.0228,0.007042,26.0,0.02979,0.007072
6238340468_1189,1479089188,827.0,0.0228,0.02609,0.03217,0.007042,0.006844,0.006775,0.02979,0.007072,18.0,0.0332,0.007034
6238340468_12,1272592,888.0,0.02634,0.01308,0.01868,0.01424,0.01366,0.01378,0.01245,0.01408,32.0,0.01408,0.01398
6238340468_137,1602460219,787.0,0.01672,0.01329,0.01614,0.01254,0.01241,0.01251,0.01602,0.01241,27.0,0.0146,0.01219
6238340468_140,1272597,739.0,0.05347,0.07068,0.01721,0.011,0.01437,0.01428,0.02417,0.009155,19.0,0.01672,0.008636
6238340468_141,2595888969,831.0,0.01097,0.009796,0.01666,0.009155,0.00972,0.00972,0.02182,0.00946,98.0,0.01501,0.009613
6238340468_1429,7576201,759.0,0.01262,0.01929,0.01907,0.01057,0.01064,0.01086,0.02075,0.01053,17.0,0.01523,0.01144
6238340468_1457,4802909509,729.0,0.02744,0.03284,0.04211,0.007347,0.007378,0.007385,0.02985,0.007233,61.0,0.03192,0.007385
6238340468_1457,4802909509,776.0,0.02985,0.02744,0.03284,0.007233,0.007347,0.007378,0.03192,0.007385,47.0,0.0318,0.007004
6238340468_1498,3932557225,658.0,0.02371,0.02274,0.01138,0.01392,0.01407,0.01424,0.01514,0.01381,16.0,0.02161,0.01372
6238340468_1498,3932557225,678.0,0.01514,0.02371,0.02274,0.01381,0.01392,0.01407,0.02161,0.01372,20.0,0.01361,0.01372
6238340468_1565,4303328869,758.0,0.02777,0.02594,0.02979,0.007401,0.007301,0.006622,0.03015,0.007126,22.0,0.02768,0.006531
6238340468_1565,4303328869,842.0,0.03015,0.02777,0.02594,0.007126,0.007401,0.007301,0.02768,0.006531,84.0,0.03534,0.006447
6238340468_1645,4802120333,825.0,0.01971,0.01302,0.01094,0.01073,0.01003,0.009064,0.01012,0.01056,43.0,0.01335,0.01045
6238340468_171,4820031077,663.0,0.008591,0.02991,0.01344,0.01135,0.01068,0.01033,0.01512,0.01137,14.0,0.01862,0.01128
6238340468_171,4820031077,696.0,0.01512,0.008591,0.02991,0.01137,0.01135,0.01068,0.01862,0.01128,33.0,0.01497,0.0112
6238340468_171,4820031077,724.0,0.01862,0.01512,0.008591,0.01128,0.01137,0.01135,0.01497,0.0112,28.0,0.01938,0.01126
6238340468_171,4820031077,860.0,0.01497,0.01862,0.01512,0.0112,0.01128,0.01137,0.01938,0.01126,136.0,0.01332,0.01076
6238340468_1717,182172227,656.0,0.03122,0.009537,0.009277,0.00946,0.009369,0.009369,0.006981,0.009552,22.0,0.01682,0.008911
6238340468_1717,182172227,678.0,0.006981,0.03122,0.009537,0.009552,0.00946,0.009369,0.01682,0.008911,22.0,0.01003,0.008789
6238340468_1717,182172227,703.0,0.01682,0.006981,0.03122,0.008911,0.009552,0.00946,0.01003,0.008789,25.0,0.01422,0.009109
6238340468_1717,182172227,725.0,0.01003,0.01682,0.006981,0.008789,0.008911,0.009552,0.01422,0.009109,22.0,0.01146,0.009064
6238340468_1717,182172227,813.0,0.01422,0.01003,0.01682,0.009109,0.008789,0.008911,0.01146,0.009064,88.0,0.01596,0.008865
6238340468_1804,3339642990,709.0,0.02682,0.01395,0.02344,0.009232,0.009216,0.008896,0.0153,0.008789,87.0,0.01321,0.009125
6238340468_1804,3339642990,859.0,0.0153,0.02682,0.01395,0.008789,0.009232,0.009216,0.01321,0.009125,150.0,0.02216,0.009079
6238340468_1996,1306232,706.0,0.03992,0.0192,0.005875,0.01033,0.01054,0.01071,0.009354,0.01025,25.0,0.00943,0.009613
6238340468_1996,1306232,721.0,0.009354,0.03992,0.0192,0.01025,0.01033,0.01054,0.00943,0.009613,15.0,0.01828,0.01036
6238340468_2025,6648747,772.0,0.02448,0.01819,0.007683,0.008743,0.008957,0.008804,0.01135,0.009598,26.0,0.02182,0.009125
6238340468_2053,3829576,687.0,0.03049,0.03192,0.04102,0.006508,0.006531,0.006981,0.03516,0.006538,24.0,0.03729,0.006607
6238340468_2053,3829576,731.0,0.03516,0.03049,0.03192,0.006538,0.006508,0.006531,0.03729,0.006607,44.0,0.03061,0.007919
6238340468_2075,1697659,764.0,0.01469,0.01068,0.01599,0.01056,0.009903,0.01001,0.01801,0.009964,25.0,0.01706,0.009384
6238340468_2093,6963258,779.0,0.01366,0.01544,0.01396,0.009354,0.009094,0.009109,0.01907,0.01041,77.0,0.01669,0.01047
6238340468_2141,4820103513,659.0,0.02274,0.02115,0.01892,0.009949,0.01021,0.009674,0.01427,0.009872,31.0,0.02054,0.009674
6238340468_2141,4820103513,707.0,0.01427,0.02274,0.02115,0.009872,0.009949,0.01021,0.02054,0.009674,48.0,0.021,0.01012
6238340468_217,4802514029,666.0,0.0116,0.03595,0.01886,0.01268,0.01279,0.01282,0.01463,0.01276,22.0,0.0144,0.01349
6238340468_2181,5656207113,748.0,0.01085,0.0153,0.01895,0.009476,0.009979,0.009796,0.0154,0.01007,20.0,0.008621,0.009598
6238340468_2252,903394,784.0,0.03217,0.03705,0.0365,0.008224,0.007439,0.007133,0.0282,0.008224,26.0,0.02512,0.007828
6238340468_235,4802863353,780.0,0.01247,0.02673,0.006386,0.01001,0.0103,0.01051,0.01801,0.0106,138.0,0.0228,0.01048
6238340468_235,4802863353,822.0,0.01801,0.01247,0.02673,0.0106,0.01001,0.0103,0.0228,0.01048,42.0,0.01431,0.01054
6238340468_235,4802863353,868.0,0.0228,0.01801,0.01247,0.01048,0.0106,0.01001,0.01431,0.01054,46.0,0.02341,0.0116
6238340468_245,4303169212,770.0,0.01497,0.01953,0.01546,0.01344,0.01341,0.01318,0.01292,0.01334,32.0,0.01938,0.01331
6238340468_245,4303169212,873.0,0.01292,0.01497,0.01953,0.01334,0.01344,0.01341,0.01938,0.01331,103.0,0.01314,0.01308
6238340468_2716,1273636,736.0,0.03241,0.03033,0.03375,0.006813,0.006805,0.007347,0.03,0.007042,14.0,0.02258,0.007812
6238340468_2719,1094920,726.0,0.01169,0.01831,0.01123,0.01167,0.01183,0.01199,0.009262,0.01172,60.0,0.01706,0.01181
6238340468_2719,1094920,824.0,0.009262,0.01169,0.01831,0.01172,0.01167,0.01183,0.01706,0.01181,98.0,0.01797,0.01155
6238340468_348,400501108,857.0,0.04974,0.009796,0.0166,0.01305,0.01297,0.01291,0.02029,0.01321,23.0,0.01244,0.01334
6238340468_375,567756,877.0,0.03442,0.03754,0.0256,0.007324,0.008209,0.008087,0.03564,0.006981,135.0,0.02316,0.007599
6238340468_38,4802491016,855.0,0.01418,0.02783,0.01965,0.009857,0.00943,0.009399,0.01871,0.00946,134.0,0.02173,0.009308
6238340468_38,4802491016,869.0,0.01871,0.01418,0.02783,0.00946,0.009857,0.00943,0.02173,0.009308,14.0,0.01306,0.01004
6238340468_387,1095473,669.0,0.01149,0.02863,0.0101,0.008835,0.009216,0.009506,0.01518,0.009186,23.0,0.0184,0.009201
6238340468_391,2113232951,835.0,0.02237,0.01392,0.01962,0.0128,0.01282,0.01303,0.01926,0.01292,50.0,0.0181,0.01328
6238340468_436,4352489679,738.0,0.01654,0.009018,0.02142,0.01057,0.01048,0.009644,0.01268,0.01025,22.0,0.02206,0.01028
6238340468_436,4352489679,761.0,0.01268,0.01654,0.009018,0.01025,0.01057,0.01048,0.02206,0.01028,23.0,0.02158,0.01024
6238340468_436,4352489679,786.0,0.02206,0.01268,0.01654,0.01028,0.01025,0.01057,0.02158,0.01024,25.0,0.02277,0.01025
6238340468_436,4352489679,829.0,0.02158,0.02206,0.01268,0.01024,0.01028,0.01025,0.02277,0.01025,43.0,0.01482,0.009506
6238340468_490,8055078,763.0,0.01076,0.01868,0.02136,0.01018,0.01022,0.008636,0.0282,0.009659,24.0,0.04401,0.009827
6238340468_63,257329842,696.0,0.00824,0.02341,0.01672,0.01198,0.01218,0.01215,0.0163,0.0116,17.0,0.01343,0.008255
6238340468_841,1273903,764.0,0.01363,0.01477,0.01685,0.008759,0.008896,0.009201,0.01358,0.008423,17.0,0.02667,0.008423
6238340468_87,97957843,807.0,0.01224,0.01468,0.02759,0.01338,0.01343,0.01346,0.01517,0.01338,34.0,0.01216,0.01326
6238340468_91,2097135079,839.0,0.01474,0.01614,0.008682,0.01321,0.01334,0.01312,0.0191,0.01286,99.0,0.01691,0.01294
6238340468_938,3250238658,696.0,0.01341,0.02011,0.02335,0.01202,0.01205,0.0121,0.015,0.01201,31.0,0.01486,0.01204
6238340468_938,3250238658,781.0,0.015,0.01341,0.02011,0.01201,0.01202,0.01205,0.01486,0.01204,85.0,0.01476,0.01204
6249153835_24,4820095595,738.0,0.02951,0.00647,0.0,0.000186,0.0001945,0.0,0.000246,0.0,2.0,0.0,0.0
6250345153_12,317371468,677.0,0.01703,0.01292,0.02951,0.006973,0.007095,0.007271,0.02084,0.006805,37.0,0.0462,0.00676
6250345153_12,317371468,738.0,0.02084,0.01703,0.01292,0.006805,0.006973,0.007095,0.0462,0.00676,61.0,0.04987,0.006523
6250345153_12,317371468,786.0,0.0462,0.02084,0.01703,0.00676,0.006805,0.006973,0.04987,0.006523,48.0,0.05267,0.006241
6250345153_193,1093604,746.0,0.05139,0.05267,0.05151,0.006828,0.006798,0.006821,0.0498,0.006927,36.0,0.04559,0.006943
6250345153_193,1093604,780.0,0.0498,0.05139,0.05267,0.006927,0.006828,0.006798,0.04559,0.006943,34.0,0.04437,0.006912
6250345153_193,1093604,813.0,0.04559,0.0498,0.05139,0.006943,0.006927,0.006828,0.04437,0.006912,33.0,0.04517,0.006874
6250345153_193,1093604,868.0,0.04437,0.04559,0.0498,0.006912,0.006943,0.006927,0.04517,0.006874,55.0,0.04767,0.006981
6250345153_79,182845311,822.0,0.04303,0.04382,0.04553,0.006241,0.006157,0.006027,0.04224,0.006058,59.0,0.04425,0.006096
6250345153_937,317468385,735.0,0.04773,0.05103,0.0495,0.006546,0.006592,0.00647,0.04944,0.006714,14.0,0.04584,0.00634
6250422572_0,4802952927,695.0,0.001385,0.003189,3.052e-05,0.0,0.0008135,0.0006895,0.0,0.0,15.0,0.0,0.0
6251277720_941,599756,725.0,0.04193,0.04877,0.04846,0.008957,0.009201,0.009094,0.05017,0.008652,47.0,0.04956,0.008545
6251414911_1038,6567397,781.0,0.04156,0.04761,0.03943,0.008392,0.008728,0.008743,0.05133,0.008148,101.0,0.04645,0.00824
6251414911_1038,6567397,815.0,0.05133,0.04156,0.04761,0.008148,0.008392,0.008728,0.04645,0.00824,34.0,0.04492,0.008194
6251414911_1082,224753559,772.0,0.04578,0.04565,0.04425,0.008453,0.00856,0.008743,0.04657,0.008575,138.0,0.0459,0.008713
6251414911_1464,351660497,671.0,0.04596,0.04633,0.04175,0.008789,0.009109,0.009048,0.04639,0.008759,22.0,0.04651,0.008606
6251414911_1464,351660497,755.0,0.04639,0.04596,0.04633,0.008759,0.008789,0.009109,0.04651,0.008606,84.0,0.04382,0.009003
6251414911_1645,17503809,789.0,0.04987,0.04828,0.04962,0.008835,0.009109,0.00946,0.04675,0.008728,92.0,0.04968,0.00856
6251414911_1799,3359046921,679.0,0.04797,0.04932,0.04388,0.009079,0.009048,0.00885,0.04895,0.008865,38.0,0.04755,0.008682
6251414911_1799,3359046921,696.0,0.04895,0.04797,0.04932,0.008865,0.009079,0.009048,0.04755,0.008682,17.0,0.0498,0.008575
6251414911_1799,3359046921,711.0,0.04755,0.04895,0.04797,0.008682,0.008865,0.009079,0.0498,0.008575,15.0,0.04944,0.008484
6251414911_1799,3359046921,726.0,0.0498,0.04755,0.04895,0.008575,0.008682,0.008865,0.04944,0.008484,15.0,0.04547,0.009537
6251414911_1799,3359046921,739.0,0.04944,0.0498,0.04755,0.008484,0.008575,0.008682,0.04547,0.009537,13.0,0.04901,0.009857
6251414911_1933,1273131,818.0,0.04645,0.04633,0.04608,0.008713,0.008667,0.008163,0.039,0.008911,90.0,0.0462,0.008636
6251414911_1933,1273131,849.0,0.039,0.04645,0.04633,0.008911,0.008713,0.008667,0.0462,0.008636,31.0,0.05066,0.008377
6251414911_1975,294823359,706.0,0.03882,0.03729,0.03802,0.009262,0.009155,0.009155,0.04156,0.00972,25.0,0.03809,0.009201
6251414911_1975,294823359,749.0,0.04156,0.03882,0.03729,0.00972,0.009262,0.009155,0.03809,0.009201,43.0,0.03888,0.009476
6251414911_279,4802864268,803.0,0.04724,0.04645,0.04633,0.008652,0.008224,0.008575,0.04578,0.008896,102.0,0.04553,0.008591
6251414911_521,793168500,760.0,0.0235,0.04535,0.0498,0.007996,0.008224,0.008438,0.04675,0.007889,23.0,0.0473,0.007828
6251414911_521,793168500,786.0,0.04675,0.0235,0.04535,0.007889,0.007996,0.008224,0.0473,0.007828,26.0,0.04712,0.008041
6251414911_521,793168500,804.0,0.0473,0.04675,0.0235,0.007828,0.007889,0.007996,0.04712,0.008041,18.0,0.04486,0.008026
6251414911_529,4547281317,756.0,0.04895,0.04907,0.04846,0.008011,0.00798,0.008438,0.04419,0.008713,31.0,0.04932,0.008514
6251414911_529,4547281317,838.0,0.04419,0.04895,0.04907,0.008713,0.008011,0.00798,0.04932,0.008514,82.0,0.04773,0.008514
6251414911_529,4547281317,860.0,0.04932,0.04419,0.04895,0.008514,0.008713,0.008011,0.04773,0.008514,22.0,0.04572,0.008636
6251414911_820,257409338,771.0,0.04767,0.04742,0.04523,0.008896,0.008835,0.009384,0.04651,0.008362,47.0,0.04401,0.008484
6251414911_820,257409338,822.0,0.04651,0.04767,0.04742,0.008362,0.008896,0.008835,0.04401,0.008484,51.0,0.04346,0.008347
6251414911_924,1694802,812.0,0.04846,0.04706,0.04718,0.008865,0.00914,0.009811,0.04816,0.008835,34.0,0.04773,0.008926
6251463417_5,294955310,896.0,0.000186,0.001976,0.002625,0.0,0.003269,0.005463,0.0,0.0,10.0,0.0,0.0
6251463417_7,207999948,890.0,0.0003376,0.001633,0.002171,0.0,0.005249,0.007294,0.0,0.0,13.0,0.0,0.0
6251480469_198,1765533101,787.0,0.05627,0.04883,0.03937,0.02933,0.02936,0.0289,0.05078,0.02911,25.0,0.04187,0.02905
6251537638_127,317477966,814.0,0.0,0.007011,0.02258,0.004517,0.01103,0.06091,0.0007467,0.0002813,1.0,0.0,0.0
6251537638_1659,346908964,814.0,0.005974,0.005318,0.0159,0.02637,0.02621,0.06018,6.485e-05,0.001734,2.0,0.0,0.0
6251537638_1795,317330955,810.0,0.001371,0.01184,0.01642,0.02563,0.0256,0.05994,3.719e-05,0.001713,2.0,0.0,0.0
6251537638_1833,759594512,813.0,0.002125,0.008224,0.01901,0.02771,0.0275,0.06097,2.956e-05,0.001984,2.0,0.0,0.0
6251537638_2046,364627058,815.0,0.002861,0.004646,0.02539,0.001444,0.01036,0.06219,7.153e-05,0.0,2.0,0.0,0.0
6251537638_336,105387257,750.0,0.0,0.0007563,0.004684,0.0,0.002228,0.06287,0.002331,0.001158,11.0,0.0003538,0.0
6251537638_336,105387257,774.0,0.002331,0.0,0.0007563,0.001158,0.0,0.002228,0.0003538,0.0,24.0,0.0,0.0
6251537638_78,3584048977,812.0,0.004257,0.008942,0.03461,0.003185,0.009033,0.06262,0.0003271,0.0002041,2.0,0.0,0.0
6251540546_123,7781217,823.0,0.0006952,0.003719,0.07043,0.0,0.009811,0.01611,0.0,0.0,19.0,0.0001745,0.0001392
793288025_0,906647,838.0,0.01151,0.01131,0.01254,0.008194,0.008179,0.008133,0.01024,0.008148,174.0,0.01471,0.008255
793288025_0,906647,883.0,0.01024,0.01151,0.01131,0.008148,0.008194,0.008179,0.01471,0.008255,45.0,0.01118,0.008041
